{
    "lastBuildDate": "Wed, 28 Sep 2022 09:33:52 +0900",
    "total": 1598,
    "start": 1,
    "display": 10,
    "items": [
        {
            "title": "부자 아빠 가난한 아빠 1 (개정증보판)",
            "link": "https://search.shopping.naver.com/book/catalog/32485979740",
            "image": "https://shopping-phinf.pstatic.net/main_3248597/32485979740.20220527025956.jpg",
            "author": "로버트 기요사키",
            "discount": "14220",
            "publisher": "민음인",
            "pubdate": "20180222",
            "isbn": "9791158883591",
            "description": "돈과 투자의 흔들리지 않는 기준이 되어 줄 지침들!\n\n기존 《부자 아빠 가난한 아빠》 제1권에는 없던 41개의 ‘20년 전 그리고 오늘’과 10가지 ‘스터디 세션’ 등 총 500매 분량의 새로운 내용을 추가한 『부자 아빠 가난한 아빠(20주년 특별 기념판)』. 돈에 대한 선입관을 깨뜨리는 파격적인 내용과 세월이 흘러도 흔들리지 않는 기준이 되어 줄 투자의 원칙들을 담은 책이다. \n\n저자가 유년 시절 겪은 두 아버지를 통해 가난한 사람과 부자의 사고방식을 비교한다. 직설적인 화법과 몰입도 있는 스토리텔링으로 경제에 대한 기초 상식은 물론, 자산과 부채의 개념과 성공적인 투자를 위한 금융 IQ를 기르는 비법 등을 누구나 이해할 수 있도록 쉽고 명쾌하게 전한다.\n\nIT 기술의 발전과 새로운 시장의 형성, 로봇 기술의 발달과 일자리 축소, 세금 제도의 허점과 복지 정책의 위험성 등 저자가 지난 20년간의 세계 금융 변화 속에서 발견한 새로운 정보들을 ‘20년 전 그리고 오늘’에 수록하였고, 출간 당시에는 찬사와 비판을 동시에 받았던 부자 아빠의 교훈들이 어떻게 20년 동안 살아남아 영향력을 발휘하고 있는지 밝힌다. 더불어 각 장이 끝날 때마다 ‘스터디세션’ 부분에 독자들이 책의 내용을 재정리하며 부자 아빠의 원칙들을 생활 속에서 실천해나갈 수 있도록 도와준다."
        },
        {
            "title": "부자의 언어 (어떻게 살아야 부자가 되는지 묻는 아들에게)",
            "link": "https://search.shopping.naver.com/book/catalog/32436245213",
            "image": "https://shopping-phinf.pstatic.net/main_3243624/32436245213.20220527031520.jpg",
            "author": "존 소포릭",
            "discount": "15120",
            "publisher": "윌북",
            "pubdate": "20200325",
            "isbn": "9791155812594",
            "description": "존 리(메리츠 자산 운용 대표) 추천\n부자 아빠가 들려주는, ‘경제적 자유’를 얻기 위한 81가지 인생 수업\n\n가난했던 한 아빠가 부자가 되기까지 지녔던 소신과 개념, 원칙을 솔직하고 다정한 목소리로 알려주는 부의 보물 지도 같은 책이다. ‘부’에 대한 정의를 일깨워주고, ‘부’를 향한 길로 안내하는 친절한 지침서로, 롤러코스터 같은 인생에서 ‘경제적 자유’를 얻기 위해 노력한 한 아빠의 스펙터클한 여정이 담겨 있다.\n\n픽션과 논픽션이 절반씩 차지하는 독특한 구성으로, 각 장마다 ‘지혜로운 현자’인 부자 정원사가 주인공으로 등장해 ‘부를 가꾸는 과정’을 한 편의 소설처럼 들려준 후 저자가 자신의 실제 인생 경험에서 얻은 부의 원칙들을 명료하게 정리해놓았다. \n20대 아들에게 들려주기 위해 3년간 써 내려간 기록으로, 잔소리나 일장 연설 혹은 충고나 자랑처럼 들리지 않기 위해 고심한 저자의 세심한 배려가 돋보이는 책이다. 덕분에 20~30대 사회 초년생은 물론 삶의 기준을 세우려는 모든 사람이 공감할 수 있는 ‘이야기 부자학 책’이 탄생했다.\n\n부 자체보다 내적 수양, 자기 신뢰, 위기 돌파력, 습관의 힘 등 부의 언어를 물려주기 위해 쓴 책으로, 한 아빠가 아들에게 온 마음을 다해 알려주고 싶었던 지혜로 가득하다. 현재 삶에서 단단한 부를 일구고 싶은 사람들, 혹은 자식에게 부자의 태도를 물려주고 싶은 사람들이라면 ‘부자의 언어’를 들어보시길."
        },
        {
            "title": "부자 아빠의 투자 가이드 (부자들이 들려주는 투자 비법 5단계)",
            "link": "https://search.shopping.naver.com/book/catalog/32466671933",
            "image": "https://shopping-phinf.pstatic.net/main_3246667/32466671933.20220927182544.jpg",
            "author": "로버트 기요사키",
            "discount": "14850",
            "publisher": "민음인",
            "pubdate": "20140929",
            "isbn": "9788982732645",
            "description": "부자 아빠 가난한 아빠 시리즈의 세 번째 책 『부자 아빠의 투자 가이드』 개정판이 출간되었다. 『부자 아빠 가난한 아빠 1·2』가 부자 아빠 식 재테크에 대한 개론서라면 3권은 구체적인 지침을 제공하는 가이드북으로, 투자할 때 반드시 알아야 할 금융 지식과 투자 원칙을 담고 있다. 저자 로버트 기요사키는 돈이 있어야 돈을 버는 시대는 지났다고 말한다. 정보와 기회가 넘치는 오늘날, 금융 지식을 익히고 경험을 쌓을 준비가 되어 있다면 누구든 좋은 투자 기회를 찾을 수 있다. 그럼에도 10퍼센트의 투자가들이 전체 돈의 90퍼센트를 소유하는 것은 그들이 투자에 대한 남다른 사고방식을 갖고 있기 때문이다. 저자는 이들을 ‘진정한 투자가’로 정의하고, 일반 투자가에서 진정한 투자가로 거듭나기 위한 5단계 과정을 알려 준다."
        },
        {
            "title": "부자 아빠 가난한 아빠 2 (현금흐름 사분면과 돈을 관리하는 7가지 방법)",
            "link": "https://search.shopping.naver.com/book/catalog/32484549439",
            "image": "https://shopping-phinf.pstatic.net/main_3248454/32484549439.20220527055712.jpg",
            "author": "로버트 기요사키",
            "discount": "13500",
            "publisher": "민음인",
            "pubdate": "20121127",
            "isbn": "9788982732508",
            "description": "부자들이 들려주는 돈 관리 방법 7가지. 봉급 생활자를 비롯해 사업가, 투자가, 전문직 등의 현금흐름 사분면을 안내해 일곱 단계의 투자가와 세 가지 타입의 투자가를 소개했다. 이를통해 경제적으로 성공하는 데 필요한 개인적 변화를 이해할 수 있게 이끌어준다."
        },
        {
            "title": "부자 엄마, 가난한 엄마 (5년만에 1억으로 100억 자산을 이룬, 부자 엄마의 가난한 엄마 탈출기)",
            "link": "https://search.shopping.naver.com/book/catalog/34492375618",
            "image": "https://shopping-phinf.pstatic.net/main_3449237/34492375618.20220925092229.jpg",
            "author": "이진화",
            "discount": "15300",
            "publisher": "트러스트북스",
            "pubdate": "20220920",
            "isbn": "9791192218571",
            "description": "쉽고 재밌는, 스토리텔링 방식! \n\n실제 단기간에 가난한 엄마에서 부자 엄마가 된 저자 자신의 이야기를 토대로, 독자들이 재미있게 읽고 쉽게 실천할 수 있도록 스토리텔링 방식을 채용하였다. \n이제 한국은 ‘부자되기’가 ‘시대정신’이 되었다. 직장인, 가정주부, 심지어 학생들까지도 부자되기 열풍에 적극 참여한다. 30대 중반의 나이에 100억대 자산가가 된 저자는 자신의 경험이 독자의 마음에 돌처럼 박히는, 그러면서 누구나 쉽게 이해할 수 있는 실천적 방식을 고민했다. 소설형식(스토리텔링)을 빌어 단단한 원고를 만들기 위해 그녀의 성격 그대로 밤을 낮 삼아 집필에 몰두했다.\n이 책에는 ‘진화’와 그리스 신화에서 부와 풍요가 인격화된 ‘플루토스’가 등장한다. ‘진화’는 가난했던 나, 가난한 엄마 ‘이진화’이다. ‘플루토스’는 보이지는 않지만 나를 부자 마인드로 바꿔준 부자 엄마 ‘이진화’이다. \n이 책을 처음 읽는 사람들은 부자 엄마, 플루토스가 하는 이야기들을 믿지 못할 것이다. 저자 또한 그랬었다. 하지만 끝까지 해보기로 했고 가난한 엄마에서 부자 엄마가 되었다. 당신도 그렇게 될 수 있다. 지금과 다른 인생을 살고 싶은가? 그러면 이 책대로만 생각하고 행동해 보라고 말하고 싶다. 읽고 또 읽어라. 어느 순간 당신은 부자가 되어 있을 것이다.\n이 책은 젊은 나이에 자산가로 변모한 저자의 경험을 고스란히 독자의 것으로 흡수할 수 있으며, 어렵지 않게 자산가가 되는 티켓을 얻을 수 있게 한다."
        },
        {
            "title": "생각하라 그리고 부자가 되어라 (나폴레온 힐, 부와 성공의 원칙)",
            "link": "https://search.shopping.naver.com/book/catalog/32443016976",
            "image": "https://shopping-phinf.pstatic.net/main_3244301/32443016976.20220527043128.jpg",
            "author": "나폴레온 힐^빌 하틀리",
            "discount": "16200",
            "publisher": "반니",
            "pubdate": "20210105",
            "isbn": "9791191214376",
            "description": "“Think and Grow Rich!”\n성공철학 역사상 가장 많은 사람을 변화시킨\n성공철학서의 걸작, ‘21세기 업그레이드 에디션’ 탄생!\n\n전 세계 1억 2천만 부 누적 판매!\n나폴레온 힐 최고의 책!\n\n최초로 부자의 마인드셋을 정리한 나폴레온 힐의 저서,《생각하라 그리고 부자가 되어라(Think and Grow Rich)》가 21세기 에디션으로 새롭게 탄생했다. 당대의 자수성가한 부자 507명을 인터뷰해 그들의 성공 비결을 정리한 이 책은, 출간된 해에 100만 부 이상 팔리면서 성공철학서의 신화를 쓰기 시작했다. 지금까지 다양한 판본으로 전 세계 1억 2천만 부가 팔렸고, 역사상 가장 많은 사람들을 변화시킨 성공철학서의 걸작으로 평가받는다.   \n\n이 책은 나폴레온 힐과 19세기 당대 최고의 부자였던 앤드루 카네기의 만남에서 시작되었다. 대학 학비를 벌기 위해 잡지사에서 일하던 나폴레온 힐은 성공한 기업가의 기사를 쓸 목적으로 카네기를 인터뷰하게 된다. 그 만남에서 나폴레온 힐은 인생의 전환점이 될 질문을 카네기로부터 받는다. 보통 사람도 누구나 따라하면 해낼 수 있는 성공의 비밀을 정리해서 널리 알려달라는 것이었다. 수십 년이 걸릴 지도 모른다는 단서와 함께. 이 제안을 받아들이는데 29초밖에 걸리지 않았다고 나폴레온 힐은 책에서 밝히고 있다.\n\n심리적인 측면에서 부자의 마인드셋을 체계적으로 정리한 책은 이 책이 최초였다. 책에서 강조하는 자기암시의 원칙 등은 최신 뇌과학 연구에서 매우 효과적이라고 밝혀진 것처럼 선구적인 것이었다. 성공과 부를 이루는 데 마음가짐이 얼마나 큰 역할을 하는지 이토록 풍부한 자료와 함께, 구체적인 실천 방법을 기술한 책은 없었다. 출간 후 80년 넘게 최장기 스테디셀러를 이어오고 있는 이 책의 성공 이후, 현대의 자기계발 작가 중에 그 주제와 내용에 영향을 받지 않은 사람은 아무도 없다고 해도 과언이 아니다. \n 이번에 출간한 《생각하라 그리고 부자가 되어라》 21세기 에디션은 편저자의 해설을 덧붙이면서 현대에 맞는 사례를 보강하고, 나폴레온 힐의 여러 저작물에서 핵심적인 내용을 선별해 추가했다. 나폴레온 힐이 평생을 통해 알리려 했던 성공철학의 정수를 더 깊게 이해할 수 있을 뿐 아니라, 분권되어 국내에 출간된 기존 도서가 놓친 오리지널 도서의 감동도 함께 느낄 수 있을 것이다."
        },
        {
            "title": "생각하라 그러면 부자가 되리라 (어떻게 부자가 될 수 있을까 | 생각하면 이루어지는 12가지 성공법칙)",
            "link": "https://search.shopping.naver.com/book/catalog/32466977661",
            "image": "https://shopping-phinf.pstatic.net/main_3246697/32466977661.20220527033931.jpg",
            "author": "나폴레온 힐",
            "discount": "16200",
            "publisher": "와일드북",
            "pubdate": "20210505",
            "isbn": "9791188393435",
            "description": "나폴레온 힐은 1929년에 시작된 대공황을 마치 예견이라도 한 듯 ‘생각하라 그러면 부자가 되리라’를 출간하여 실의와 좌절에 빠져 있던 수많은 미국인들을 다시 일어설 수 있도록 했으며, 이 책은 전 세계 독자들로부터 20세기 최고의 성공 철학서로 평가받고 있다. 지금 전 세계는 대공황보다 더한 신종 코로나바이러스감염증-19의 팬데믹으로 수많은 사람들이 하루하루를 힘겹게 버티고 있는 실정이며, 우리나라에서도 사회적 거리 두기로 인해 직간접으로 피해를 본 소상공인과 노점상, 프리랜서 등 다양한 계층에게 재난지원금을 지급했지만, 이는 단기적인 경기부양책일 뿐이며 하루빨리 이 상황에서 벗어나기를 바랄 뿐이다. 이러한 시기에 다시 한번 나폴레온 힐의 성공법칙을 독자들에게 상기시키고자 이 책을 펴내게 되었다. \n\n실직과 재취업, 혹은 새롭게 직장을 구하거나 창업하려는 사람들은 이 책을 활용함으로써 어떻게 인생을 살아야 하고 현재의 고난과 시련을 어떻게 극복해야 할지, 아울러 자신에게 내재된 무한한 가능성을 스스로 찾게 될 것이다. 그리고 좀 더 세상을 산 사람들은 현재의 위치나 직장, 혹은 사업체에서 어떻게 자신의 역량을 발휘해 오늘의 난관을 헤쳐나가고 밝은 내일을 보장받을 수 있을지 자신을 돌아보며 더불어 새로운 희망으로 두 주먹을 불끈 쥐게 될 것이다."
        },
        {
            "title": "부의 인문학(20만부 기념 개정증보판) (슈퍼리치의 서재에서 찾아낸 부자의 길)",
            "link": "https://search.shopping.naver.com/book/catalog/32474983286",
            "image": "https://shopping-phinf.pstatic.net/main_3247498/32474983286.20220527085016.jpg",
            "author": "브라운스톤(우석)",
            "discount": "15300",
            "publisher": "오픈마인드",
            "pubdate": "20220321",
            "isbn": "9791196851200",
            "description": "2년 만에 20만 부를 넘어선 특급 베스트셀러!\n더 깊어진 생각, 더 풍부해진 경험으로 완성한 개정 증보판!\n\n책속에서 찾아낸 투자 인문학의 연금술\n우석은 무엇보다 독서에 열정적이며 책에서 배운 지식을 지혜의 틀로 걸러 ‘자본주의 게임에서 승리하는 법’을 터득한 성공한 투자가다. 철학자들의 통찰을 통해 나만의 투자 무기를 얻을 수 있게 이끄는가 하면, 노벨 경제학상 수상자들의 이론을 바탕으로 한국 시장을 이해하고 자신감 있게 투자할 수 있도록 격려한다. 부동산도 주식도 결국 자본주의 게임의 트랙 위에 있음을 깨닫게 해준다. 성공한 실전 투자가가 현장 경험으로 필터링한 인문학은 철학이나 경제학에 문외한인 사람도 거인의 눈으로 시장을 바라볼 수 있도록 이끈다. \n\n거인의 어깨 위에서 보는 돈이 움직이는 길\n네이버 카페 ‘부동산 스터디’의 최고 인기 논객인 우석이 올린 예측 글은 ‘예언’으로 통한다. ‘성지순례’ 오는 180만 회원들이 그의 프로필을 대변한다. 하지만 그는 자신의 전망이 개인적인 경험이나 생각에서만 나온 것은 아니라고 말한다. 자신의 전망이 마치 예언처럼 딱딱 들어맞는 것은 자신이 ‘거인의 어깨’ 위에 올라앉아서 돈이 움직이는 길을 바라보고 있기 때문이라는 설명이다. 200년 전 경제학 이론이 오늘의 세계를 너무도 정확히 설명하고 있음을 확인하는 순간 “역시 우석은 우석이다!” 저절로 고개를 끄덕이게 된다. 노벨 경제학상을 수상한 천재들이 세상을 읽는 탁월한 통찰력, 돈이 움직이는 방향과 투자의 길, 부의 작동원리를 간파한 통섭의 결정판이다.\n\n성공한 한국형 투자가의 경험과 지혜\n그는 한국 투자시장에서 성공의 길을 개척한 실전 투자가다. 신혼집 전세금으로 시작한 투자에서 롤러코스터도 여러 번 탔다. 하지만 부의 작동원리를 터득한 뒤 인생을 즐기기에 충분한 부를 달성했고, 오랫동안 꿈꾸던 자유를 찾아 40대 초반에 은퇴했다. 물론 그 뒤로도 그의 자산은 꾸준히 늘어나고 있고, 그만큼 실전 투자 경험도 축적되면서 안팎으로 탄탄한 투자가로서의 입지를 굳히고 있다. \n이 책은 수익률로 검증된 경험과 지혜를 솔직 담백한 화법으로 담아 투자 인문학의 새 지평을 열었다. 격동하는 한국 투자시장에서 살아남은 투자가의 거친 숨소리가 고스란히 담겨 있어, 바로 오늘 투자 시장에서 고투하고 있는 당신에게 길을 알려주는 등대가 될 것이다."
        },
        {
            "title": "하루 10분, 생각하라 그리고 부자가 되어라 (나폴레온 힐 부와 성공의 원칙: 실행력 강화편)",
            "link": "https://search.shopping.naver.com/book/catalog/33613701619",
            "image": "https://shopping-phinf.pstatic.net/main_3361370/33613701619.20220728093334.jpg",
            "author": "나폴레온 힐",
            "discount": "13320",
            "publisher": "반니",
            "pubdate": "20220805",
            "isbn": "9791167961051",
            "description": "하루 10분 만에 배우는 \n나폴레온 힐, 부와 성공의 원칙!\nThink & Grow Rich ‘실행력 강화편’ 출간!\n나폴레온힐재단 공식 출판!\n\n나폴레온 힐의 “Think and Grow Rich”는 전 세계 1억 부 이상 판매되며 역사상 최고의 자기계발 프로그램으로 자리잡아왔다. 이 책은 《생각하라 그리고 부자가 되어라》에서 뽑은 핵심 성공 원칙과 지침, 일화 들을 현대적이고 읽기 쉬운 언어로 가다듬어 제시한다. 따라서 하루 10분만 투자하면, 어떤 자기계발 프로그램보다 백만장자와 최고의 인플루언서들을 많이 배출한 성공 체계를 완벽히 습득할 수 있다. \n 1937년 처음 발행된 《생각하라 그리고 부자가 되어라》는 대공황의 끝자락에서 열세 단계의 성공 법칙을 통해 사람들이 부를 일구도록 도왔다. 이 책에는 경제적 독립, 조화로운 인간관계, 힘, 행복, 자아실현, 심리적 안정과 관련한 핵심 지침이 담겨 있다. 비용을 치르기만 한다면 어떤 형태의 부든 손에 넣을 수 있다. ‘생각하면’, 다시 말해 마음을 넓게 열고, 자신의 생각을 다스리고, 자신이 가용할 수 있는 광범위한 정신적 자원을 이용하면, 열망을 물리적 실체로 바꿀 수 있다. \n 힐은 이렇게 말했다. “성공의 잠재력이 아무리 큰 사람이라도, 그 잠재력을 현실로 전환하지 않는다면 소용이 없다.” 자, 이제 힐의 검증된 성공 프로그램의 도움을 받아 당신의 목표를 본격적으로 실천할 때다. 하루 10분이면 충분하다."
        },
        {
            "title": "돈의 심리학 (당신은 왜 부자가 되지 못했는가)",
            "link": "https://search.shopping.naver.com/book/catalog/32467012122",
            "image": "https://shopping-phinf.pstatic.net/main_3246701/32467012122.20220527033400.jpg",
            "author": "모건 하우절",
            "discount": "17820",
            "publisher": "인플루엔셜",
            "pubdate": "20210113",
            "isbn": "9791191056372",
            "description": "가장 크게 성공한 투자자 vs. 가장 크게 파산한 투자자\n무엇이 이 둘의 운명을 갈랐는가\n\n『돈의 심리학』은 월스트리트저널에서 10년 넘게 금융과 투자에 대한 글을 써온 칼럼니스트이자 콜라보레이티브 펀드 파트너로 활동중인 모건 하우절의 첫 책이다. 총 20개 스토리로 구성되어 있다. ‘스토리텔링의 천재’ ‘소설가의 기술을 가진 금융 작가’라는 별명답게 모건 하우절이 들려주는 20개의 투자 스토리는 대단히 매력적이다. 하나하나 실화와 실증에 바탕을 두되 이야기의 재미와 투자의 교훈을 빠짐없이 담아냈다. \n\n제2차 세계대전 당시 독일의 탱크 부대 이야기, 마이크로소프트 창업에 관한 빌 게이츠의 고백, LA에서 주차 대행 아르바이트를 하던 시절 페라리에 얽힌 에피소드, 워런 버핏의 놀라운 수익률의 비밀까지 다양한 이야기를 흥미롭게 전개하여 읽는 이들을 단번에 사로잡는다. 또한 그 끝에는 하나같이 감탄을 부르는 탁월한 통찰을 담고 있다. 부에 관한 문제는 결국 학력, 지능, 노력과 직접적 관련이 없으며 돈에 관한 인간의 편향, 심리, 다시 말해 ‘돈의 심리학’과 밀접한 관련이 있음을 깨닫게 한다."
        }
    ]
}