{
	"title": "인터파크도서검색결과",
	"link": "http://bsearch.interpark.com/dsearch/book.jsp?query=교육&sch=book&order_tp=accuracy&contextCheckboxUseYn=N&filter_disp_no=028&titleCheckboxUseYn=N&personCheckboxUseYn=N&entrNmCheckboxUseYn=N&isbnCheckboxUseYn=N",
	"language": "ko",
	"copyright": "Copyright ⓒ 2009 INTERPARK INT All rights reserved.",
	"pubDate": "27 Sep 2022 12:16:12 GMT",
	"imageUrl": "http://bimage.interpark.com/renewPark/topGnb/logo.jpg",
	"totalResults": 21599,
	"startIndex": 1,
	"itemsPerPage": 10,
	"maxResults": 10,
	"queryType": "title",
	"query": "%EA%B5%90%EC%9C%A1",
	"searchCategoryId": "100",
	"searchCategoryName": "국내도서",
	"returnCode": "000",
	"returnMessage": "정상",
	"item": [
		{
			"itemId": 224010018,
			"title": "부모 vs 학부모",
			"description": "아이가 공부를 시작하는 순간 더 이상 행복해질 수 없는 부모와 자녀매일 아이와 힘겨운 줄다리기를 하고 있는 ‘당신은 아이에게 부모입니까, 학(虐 : 사나운, 가혹한)부모입니까?’ 한 해 백 명이 넘는 아이들이 학업 문제로 자살하는 대한민국. 전체 청소년 자살의 절반을 넘는 숫자가 공부 때문에 무너져가고 있다. 아이 당사자뿐만 아니라 공부하는 아이가 있는 가족은 더 이상 행복한 가족을 꿈꿀 수 없다. 조련하는 부모와 조련당하는 아이만이 있을 뿐이다. 이로 인해 일어나는 극단적인 현상들은 하루가 멀다 하고 뉴스 헤드를 채우고 있다. 엄마를 무참히 살해한 우등생, 게임중독에 빠진 전교 3등 아이, 투신자살한 특목고 아이 등 우리 주위에서는 믿기지 않는 일들이 믿을 수 없을 만큼 수없이 벌어지고 있다.이렇듯 벼랑 ...",
			"pubDate": "20140930",
			"priceStandard": 14800,
			"priceSales": 13320,
			"discountRate": "10",
			"saleStatus": "품절",
			"mileage": "740",
			"mileageRate": "6",
			"coverSmallUrl": "http://bimage.interpark.com/goods_image/0/0/1/8/224010018h.jpg",
			"coverLargeUrl": "http://bimage.interpark.com/goods_image/0/0/1/8/224010018s.jpg",
			"categoryName": "",
			"publisher": "예담friend",
			"customerReviewRank": 9.9,
			"author": "",
			"translator": "",
			"isbn": "9788991731981",
			"link": "http://book.interpark.com/blog/integration/product/itemDetail.rdo?prdNo=224010018&refererType=8303&bookblockname=bpmain_in&booklinkname=wg_search_B22D337FA6D578D0906A1BFC4B5AAA27500AF95D96222CD03502BA578769DF52",
			"mobileLink": "http://m.book.interpark.com/view.html?PRD_NO=224010018&SHOP_NO=0000400000",
			"additionalLink": "http://book.interpark.com/gate/ippgw.jsp?goods_no=224010018&biz_cd=",
			"reviewCount": 12
		},
		{
			"itemId": 203411076,
			"title": "김상겸 공무원 교육학개론 적중모의고사 - 모의고사+기출문제 (2010)",
			"description": "- 일반직전환시험 포함- 모의고사 + 기출문제- 전직시험, 승진, 교육행정직, 교정직, 교육전문직, 소년보호직 시험대비 특징1. 국가직 및 각 지방직을 폭넓게 대비하기 위하여 4지 선택형 문제(1회~10회)와 5지 선택형 문제(11회~20회)를 고루 구성하였다.2. 수험생 스스로 학습결과를 측정할 수 있고, 실전에 대비할 수 있도록 비중있는 양질의 문제를 상세한 해설과 함께 수록하였다.3. 교육학 관련 법규는 모두 최근에 제·개정된 사항을 반영하고, 최근의 출제경향에 맞는 문제들을 구성함으로써 학습의 신선도를 높였다.",
			"pubDate": "20090725",
			"priceStandard": 9000,
			"priceSales": 8100,
			"discountRate": "10",
			"saleStatus": "절판",
			"mileage": "450",
			"mileageRate": "6",
			"coverSmallUrl": "http://bimage.interpark.com/goods_image/1/0/7/6/203411076h.jpg",
			"coverLargeUrl": "http://bimage.interpark.com/goods_image/1/0/7/6/203411076s.jpg",
			"categoryName": "",
			"publisher": "서울고시각",
			"customerReviewRank": 10,
			"author": "",
			"translator": "",
			"isbn": "9788952610898",
			"link": "http://book.interpark.com/blog/integration/product/itemDetail.rdo?prdNo=203411076&refererType=8303&bookblockname=bpmain_in&booklinkname=wg_search_B22D337FA6D578D0906A1BFC4B5AAA27500AF95D96222CD03502BA578769DF52",
			"mobileLink": "http://m.book.interpark.com/view.html?PRD_NO=203411076&SHOP_NO=0000400000",
			"additionalLink": "http://book.interpark.com/gate/ippgw.jsp?goods_no=203411076&biz_cd=",
			"reviewCount": 1
		},
		{
			"itemId": 207519656,
			"title": "김상겸 공무원 교육학개론 기출문제집 (2011)",
			"description": "이 책의 특징 1. 본서는 공무원 교육학을 처음 대한는 수험생들이 각종 공무원 교육학의 범위와 난이도를 쉽게 파악할 수 있도록 중복되는 문제를 제외한 모든 문제를 수록하였다.2. 교원임용에서 출제된 문제 중 공무원 교육학 분야와 관련된 것을 수록함으로써 수능형 문제에 준비할 수 있도록 하였다.3. 문제의 배열은 기본서(김상겸 공무원교육학개론 - 서울고시각刊)의 순서에 따라 배열함으로써 단원별로 중요한 내용을 한 눈에 파악할 수 있도록 하였다.4. 각각의 문항은 쉽게 이해할 수 있도록 상세한 해설은 물론이고 출제빈도가 높은 문제는 보충설명하여 체계적으로 학습할 수 있도록 꾸며졌다.5. 본서는 최근에 강조되는 신자유주의, 포스트모더니즘, 대안교육, 열린교육, 재개념주의 교육과정, 구성주의 학습이론, 협동학습, ...",
			"pubDate": "20110215",
			"priceStandard": 17000,
			"priceSales": 15300,
			"discountRate": "10",
			"saleStatus": "절판",
			"mileage": "850",
			"mileageRate": "6",
			"coverSmallUrl": "http://bimage.interpark.com/goods_image/9/6/5/6/207519656h.jpg",
			"coverLargeUrl": "http://bimage.interpark.com/goods_image/9/6/5/6/207519656s.jpg",
			"categoryName": "",
			"publisher": "서울고시각",
			"customerReviewRank": 7.5,
			"author": "",
			"translator": "",
			"isbn": "9788952613912",
			"link": "http://book.interpark.com/blog/integration/product/itemDetail.rdo?prdNo=207519656&refererType=8303&bookblockname=bpmain_in&booklinkname=wg_search_B22D337FA6D578D0906A1BFC4B5AAA27500AF95D96222CD03502BA578769DF52",
			"mobileLink": "http://m.book.interpark.com/view.html?PRD_NO=207519656&SHOP_NO=0000400000",
			"additionalLink": "http://book.interpark.com/gate/ippgw.jsp?goods_no=207519656&biz_cd=",
			"reviewCount": 2
		},
		{
			"itemId": 212747207,
			"title": "삶 문학 교육",
			"description": "아이들의 삶을 가꾸는 교육은 문학으로 또는 문학적으로 하는 것이 가장 바람직하며, 아이들의 삶을 보여 주는 문학은 가장 믿을 수 있는 교육이 된다.이오덕 교육 문고 아홉 번째 책이다. 이오덕 선생님이 교육과 문학에 관해 쓴 글 모음이다.  1부는 아이들 말과 글쓰기 교육의 문제를 다루었다. 2부는 아동문학에 관한 글. 3부는 독서교육에 관한 글. 4부는 교육 일반의 문제를 삶을 가꾸는 교육의 눈으로 본 글. 5부는 여러 문학작품에 대한 서평 글을 실었다. 이 책의 글들은 20년 전에 쓴 글이다. 그렇지만 많은 울림을 준다. 이 책의 제목은 삶.문학.교육이다. 이 제목을 이렇게 바꾸어 보면 이오덕 선생님이 20년 전에 한 말의 진정이 가슴에 와 닿는다. 지금 아이들에게 삶이 있는가? 지금 아이들에게 문학이 있...",
			"pubDate": "20130630",
			"priceStandard": 20000,
			"priceSales": 18000,
			"discountRate": "10",
			"saleStatus": "품절",
			"mileage": "1000",
			"mileageRate": "6",
			"coverSmallUrl": "http://bimage.interpark.com/goods_image/7/2/0/7/212747207h.jpg",
			"coverLargeUrl": "http://bimage.interpark.com/goods_image/7/2/0/7/212747207s.jpg",
			"categoryName": "",
			"publisher": "고인돌",
			"customerReviewRank": 0,
			"author": "",
			"translator": "",
			"isbn": "9788994372570",
			"link": "http://book.interpark.com/blog/integration/product/itemDetail.rdo?prdNo=212747207&refererType=8303&bookblockname=bpmain_in&booklinkname=wg_search_B22D337FA6D578D0906A1BFC4B5AAA27500AF95D96222CD03502BA578769DF52",
			"mobileLink": "http://m.book.interpark.com/view.html?PRD_NO=212747207&SHOP_NO=0000400000",
			"additionalLink": "http://book.interpark.com/gate/ippgw.jsp?goods_no=212747207&biz_cd=",
			"reviewCount": 0
		},
		{
			"itemId": 204034787,
			"title": "굿바이 사교육",
			"description": "왜 많은 학부모들이 먼저 이 교육 특강에 감동했을까?“인생의 터닝포인트”(김동현) “가슴이 먹먹했다”(이혜란) 시민단체 사교육걱정없는세상에서 주최한 시민 아카데미(일명 ‘등대지기 학교’)를 수강한 학부모 회원들이 강의를 듣고 남긴 소감문이다. 사교육걱정없는세상은 교사 운동을 하던 송인수 공동대표(전 좋은교사운동 대표)와 학부모 운동을 하던 윤지희 공동대표(전 교육과시민사회 대표)가 2008년 6월에 창립한 시민단체이다. 이들은 사교육 그 자체를 배격하지는 않는다. 부족한 공부를 따라잡거나 아이의 재능을 키워주기 위해 사교육이 필요할 때도 있다고 인정한다. 그러나 무작정 강요하는 조기교육, 아이 스스로 공부하는 습관을 망치는 선행 학습 등은 명백한 거부 대상이다. 이런 고민을 함께 나누기 위해 ‘등대지기 학교...",
			"pubDate": "20100105",
			"priceStandard": 13000,
			"priceSales": 11700,
			"discountRate": "10",
			"saleStatus": "품절",
			"mileage": "650",
			"mileageRate": "6",
			"coverSmallUrl": "http://bimage.interpark.com/goods_image/4/7/8/7/204034787h.jpg",
			"coverLargeUrl": "http://bimage.interpark.com/goods_image/4/7/8/7/204034787s.jpg",
			"categoryName": "",
			"publisher": "시사IN북",
			"customerReviewRank": 9.5,
			"author": "",
			"translator": "",
			"isbn": "9788996268826",
			"link": "http://book.interpark.com/blog/integration/product/itemDetail.rdo?prdNo=204034787&refererType=8303&bookblockname=bpmain_in&booklinkname=wg_search_B22D337FA6D578D0906A1BFC4B5AAA27500AF95D96222CD03502BA578769DF52",
			"mobileLink": "http://m.book.interpark.com/view.html?PRD_NO=204034787&SHOP_NO=0000400000",
			"additionalLink": "http://book.interpark.com/gate/ippgw.jsp?goods_no=204034787&biz_cd=",
			"reviewCount": 14
		},
		{
			"itemId": 211654314,
			"title": "굿바이 영어 사교육",
			"description": "영어학원 절대 보내지 말라영어 사교육 광풍이 대한민국을 휩쓸고 있는 지금 영어 사교육이 영어 실력을 키우는 데 큰 도움을 주지 못한다는 ‘불편한 진실’을 밝히는 책이 나왔다. 영어 현장 교육의 달인 6인이 쓴 [굿바이 영어 사교육]은 대한민국 영어 사교육이 얼마나 왜곡되어 있는지 과학적으로 입증한다. &#34영어는 무조건 일찍 가르쳐야 하는가? 영어 조기교육은 필수인가? 영어 유치원·영어 캠프·어학연수는 반드시 가야 하는가? 몰입교육이 효과적인가?&#34 영어 사교육에 대한 이 같은 질문에 [굿바이 영어 사교육]은 단호하게 &#34노&#34라고 말한다.대한민국의 대표 영어 현장 교육자인 저자들은 자신들이 수십 년간 축적해놓은 ‘영어 공부보물창고’를 아낌없이 개방한다. 고려대학교 어도선 교수는 ‘삶을 풍요롭게 하는 영어 교육과 영...",
			"pubDate": "20121214",
			"priceStandard": 13000,
			"priceSales": 11700,
			"discountRate": "10",
			"saleStatus": "품절",
			"mileage": "650",
			"mileageRate": "6",
			"coverSmallUrl": "http://bimage.interpark.com/goods_image/4/3/1/4/211654314h.jpg",
			"coverLargeUrl": "http://bimage.interpark.com/goods_image/4/3/1/4/211654314s.jpg",
			"categoryName": "",
			"publisher": "시사IN북",
			"customerReviewRank": 9.5,
			"author": "",
			"translator": "",
			"isbn": "9788994973135",
			"link": "http://book.interpark.com/blog/integration/product/itemDetail.rdo?prdNo=211654314&refererType=8303&bookblockname=bpmain_in&booklinkname=wg_search_B22D337FA6D578D0906A1BFC4B5AAA27500AF95D96222CD03502BA578769DF52",
			"mobileLink": "http://m.book.interpark.com/view.html?PRD_NO=211654314&SHOP_NO=0000400000",
			"additionalLink": "http://book.interpark.com/gate/ippgw.jsp?goods_no=211654314&biz_cd=",
			"reviewCount": 2
		},
		{
			"itemId": 235430056,
			"title": "어휘 교육론",
			"description": "『어휘 교육론』은 국어교육과 한국어교육의 세부 영역들을 전공하면서 어휘 교육의 필요성에 깊이 공감한 21명의 저자들이 쓴 각자의 영역에서의 문제의식과 해결 방안/지향점을 담고 있다. 어휘 교육이 필요한 이유와 앞으로 어떻게 나아가야 하는지를 담은 총설부터, 국어교육 영역별 어휘 교육/학교 교육 현장에서의 어휘 교육/외국어 교육에서의 어휘 교육 등 다양한 각도에서 어휘 교육을 조명하고 나아갈 방향을 제시한다. 마지막에는 어휘 교육의 지평을 확대하여 ‘어휘와 텍스트 생산의 관계’, ‘코퍼스를 활용한 어휘 교육’, ‘통시적 관점에서의 어휘 교육’까지 논의한다.",
			"pubDate": "20141230",
			"priceStandard": 30000,
			"priceSales": 30000,
			"discountRate": "0",
			"saleStatus": "판매중",
			"mileage": "900",
			"mileageRate": "3",
			"coverSmallUrl": "https://bimage.interpark.com/partner/goods_image/0/0/5/6/235430056h.jpg",
			"coverLargeUrl": "https://bimage.interpark.com/partner/goods_image/0/0/5/6/235430056s.jpg",
			"categoryId": "104",
			"categoryName": "국내도서",
			"publisher": "사회평론아카데미",
			"customerReviewRank": 0,
			"author": "구본관(具本寬),이도영, 민병곤, 김봉순, 원진숙, 이관규, 김정우, 이경화, 전은주, 김창원, 강보선, 권순희, 송영빈, 박동,서혁",
			"translator": "",
			"isbn": "9791185617183",
			"link": "http://book.interpark.com/blog/integration/product/itemDetail.rdo?prdNo=235430056&refererType=8303&bookblockname=bpmain_in&booklinkname=wg_search_B22D337FA6D578D0906A1BFC4B5AAA27500AF95D96222CD03502BA578769DF52",
			"mobileLink": "http://m.book.interpark.com/view.html?PRD_NO=235430056&SHOP_NO=0000400000",
			"additionalLink": "http://book.interpark.com/gate/ippgw.jsp?goods_no=235430056&biz_cd=",
			"reviewCount": 0
		},
		{
			"itemId": 254265532,
			"title": "다시, 혁신 교육을 생각하다 2: 초등학교의 열두 달 혁신 교육 활동 안내서",
			"description": "새로운 학교를 꿈꾸는 선생님을 위한 혁신 교육 안내서\n\n혁신학교가 어느덧 일곱 살이 되었다. 『다시, 혁신 교육을 생각하다』는 그동안 혁신학교가 추구했던 교육의 본질과 학교에서 운영되는 교육 활동의 의미를 돌아본다. 이를 위해 남한산초, 구름산초, 호평중 등 혁신학교를 처음 시작했던 여러 선생님들이 한자리에 모였다. 혁신학교 초기부터 현재까지 성공과 실패를 두루 경험한 선생님들이 들려주는 혁신학교의 철학, 교육 활동 운영 방법, 운영 사례는 학교가 관행으로 해 왔던 교육 활동을 새로운 시각으로 돌아보게 한다. 『다시, 혁신 교육을 생각하다』 2권에서는 달마다 펼쳐지는 혁신 초등학교의 교육 활동을 다룬다. 이제 막 혁신학교를 시작하려는 선생님들은 물론이고, 모두가 꿈꾸는 학교를 만들고 싶은 선생님에게 좋은 길...",
			"pubDate": "20160525",
			"priceStandard": 15000,
			"priceSales": 13500,
			"discountRate": "10",
			"saleStatus": "판매중",
			"mileage": "150",
			"mileageRate": "1",
			"coverSmallUrl": "https://bimage.interpark.com/partner/goods_image/5/5/3/2/254265532h.jpg",
			"coverLargeUrl": "https://bimage.interpark.com/partner/goods_image/5/5/3/2/254265532s.jpg",
			"categoryId": "104",
			"categoryName": "국내도서",
			"publisher": "창비교육",
			"customerReviewRank": 0,
			"author": "양영희, 최탁, 고은정, 권재우, 심은보, 박상혁",
			"translator": "",
			"isbn": "9791186367308",
			"link": "http://book.interpark.com/blog/integration/product/itemDetail.rdo?prdNo=254265532&refererType=8303&bookblockname=bpmain_in&booklinkname=wg_search_B22D337FA6D578D0906A1BFC4B5AAA27500AF95D96222CD03502BA578769DF52",
			"mobileLink": "http://m.book.interpark.com/view.html?PRD_NO=254265532&SHOP_NO=0000400000",
			"additionalLink": "http://book.interpark.com/gate/ippgw.jsp?goods_no=254265532&biz_cd=",
			"reviewCount": 0
		},
		{
			"itemId": 254266512,
			"title": "다시, 혁신 교육을 생각하다 3: 중학교의 열두 달 혁신 교육 활동 안내서",
			"description": "새로운 학교를 꿈꾸는 선생님을 위한 혁신 교육 안내서\n\n혁신학교가 어느덧 일곱 살이 되었다. 『다시, 혁신 교육을 생각하다』는 그동안 혁신학교가 추구했던 교육의 본질과 학교에서 운영되는 교육 활동의 의미를 돌아본다. 이를 위해 남한산초, 구름산초, 호평중 등 혁신학교를 처음 시작했던 여러 선생님들이 한자리에 모였다. 혁신학교 초기부터 현재까지 성공과 실패를 두루 경험한 선생님들이 들려주는 혁신학교의 철학, 교육 활동 운영 방법, 운영 사례는 학교가 관행으로 해 왔던 교육 활동을 새로운 시각으로 돌아보게 한다. 『다시, 혁신 교육을 생각하다』 3권에서는 일상에서 일어나는 혁신 중학교의 교육 활동을 다룬다. 이제 막 혁신학교를 시작하려는 선생님들은 물론이고, 모두가 꿈꾸는 학교를 만들고 싶은 선생님에게 좋은 길...",
			"pubDate": "20160525",
			"priceStandard": 15000,
			"priceSales": 13500,
			"discountRate": "10",
			"saleStatus": "판매중",
			"mileage": "150",
			"mileageRate": "1",
			"coverSmallUrl": "https://bimage.interpark.com/partner/goods_image/6/5/1/2/254266512h.jpg",
			"coverLargeUrl": "https://bimage.interpark.com/partner/goods_image/6/5/1/2/254266512s.jpg",
			"categoryId": "104",
			"categoryName": "국내도서",
			"publisher": "창비교육",
			"customerReviewRank": 0,
			"author": "김미경, 정현숙",
			"translator": "",
			"isbn": "9791186367315",
			"link": "http://book.interpark.com/blog/integration/product/itemDetail.rdo?prdNo=254266512&refererType=8303&bookblockname=bpmain_in&booklinkname=wg_search_B22D337FA6D578D0906A1BFC4B5AAA27500AF95D96222CD03502BA578769DF52",
			"mobileLink": "http://m.book.interpark.com/view.html?PRD_NO=254266512&SHOP_NO=0000400000",
			"additionalLink": "http://book.interpark.com/gate/ippgw.jsp?goods_no=254266512&biz_cd=",
			"reviewCount": 0
		},
		{
			"itemId": 255087143,
			"title": "느림보 수면교육",
			"description": "《느림보 수면교육》은 통설로 굳어진 (통잠을 재우기 위한) 집중 수면교육만이 정답은 아니며, 아이의 성격과 개성에 맞는 저마다의 방식을 찾는 것이 더 중요하다고 말하는 책이다. 조금 느리더라도 아이와 엄마가 함께 행복한 수면교육, 즉 느림보 수면교육이야말로 궁극적으로 올바른 육아의 방향이라는 것. 그리고 내 아이에게 맞는 최적의 수면교육법을 찾는 다양한 틀과 실제 육아에 적용 가능한 방법들을 상세히 소개하고 있다.",
			"pubDate": "20160620",
			"priceStandard": 16500,
			"priceSales": 14850,
			"discountRate": "10",
			"saleStatus": "판매중",
			"mileage": "820",
			"mileageRate": "6",
			"coverSmallUrl": "https://bimage.interpark.com/partner/goods_image/7/1/4/3/255087143h.jpg",
			"coverLargeUrl": "https://bimage.interpark.com/partner/goods_image/7/1/4/3/255087143s.jpg",
			"categoryId": "111",
			"categoryName": "국내도서",
			"publisher": "폭스코너",
			"customerReviewRank": 10,
			"author": "이현주",
			"translator": "",
			"isbn": "9791195523573",
			"link": "http://book.interpark.com/blog/integration/product/itemDetail.rdo?prdNo=255087143&refererType=8303&bookblockname=bpmain_in&booklinkname=wg_search_B22D337FA6D578D0906A1BFC4B5AAA27500AF95D96222CD03502BA578769DF52",
			"mobileLink": "http://m.book.interpark.com/view.html?PRD_NO=255087143&SHOP_NO=0000400000",
			"additionalLink": "http://book.interpark.com/gate/ippgw.jsp?goods_no=255087143&biz_cd=",
			"reviewCount": 1
		}
	]
}